PassengerId,Survived,Pclass,Sex,Age,SibSp,Parch,Fare,Embarked,OldColumn
1,0,3,0,0.2711736617240512,1,0,-0.5024451714361923,0.0,1
2,1,1,1,0.4722292033174164,1,0,0.7868452935884461,1.0,1
3,1,3,1,0.32143754712239253,0,0,-0.4888542575852486,0.0,1
4,1,1,1,0.4345312892686604,1,0,0.4207302360686478,0.0,1
5,0,3,0,0.4345312892686604,0,0,-0.4863374216869257,0.0,1
6,0,3,0,0.35913546117114853,0,0,-0.47811642890864375,2.0,1
7,0,1,0,0.6732847449107816,0,0,0.395813560675251,0.0,1
8,0,3,0,0.01985423473234481,3,1,-0.22408312108167944,0.0,1
9,1,3,1,0.33400351847197784,0,2,-0.4242561406845337,0.0,1
10,1,2,1,0.17064589092736868,1,0,-0.04295550208861426,1.0,1
11,1,3,1,0.04498617743151546,1,1,-0.312172377522981,0.0,1
12,1,1,1,0.723548630309123,0,0,-0.11384570873513637,0.0,1
13,0,3,0,0.24604171902488062,0,0,-0.4863374216869257,0.0,1
14,0,3,0,0.4847951746670017,1,5,-0.01870931177853076,0.0,1
15,0,3,1,0.17064589092736868,0,0,-0.4902797934380587,0.0,1
16,1,2,1,0.685850716260367,0,0,-0.3262666585535892,0.0,1
17,0,3,0,0.01985423473234481,4,1,-0.06199888922968463,2.0,1
18,1,2,0,0.35913546117114853,0,0,-0.3866707201133388,0.0,1
19,0,3,1,0.38426740387031916,1,0,-0.2859972841804228,0.0,1
20,1,3,1,0.35913546117114853,0,0,-0.5029485386158568,1.0,1
21,0,2,0,0.4345312892686604,0,0,-0.12491978668775715,0.0,1
22,1,2,0,0.4219653179190751,0,0,-0.3866707201133388,0.0,1
23,1,3,1,0.18321186227695402,0,0,-0.4867562231804066,2.0,1
24,1,1,0,0.34656948982156316,0,0,0.06635974158478332,0.0,1
25,0,3,1,0.09525006282985675,3,1,-0.22408312108167944,0.0,1
26,1,3,1,0.4722292033174164,1,5,-0.016444159470040135,0.0,1
27,0,3,0,0.35913546117114853,0,0,-0.5029485386158568,1.0,1
28,0,1,0,0.2334757476752953,3,2,4.647001076532463,0.0,1
29,1,3,1,0.35913546117114853,0,0,-0.48977642625839407,2.0,1
30,0,3,0,0.35913546117114853,0,0,-0.4894421904510968,0.0,1
31,0,1,0,0.49736114601658704,0,0,-0.09027201697708476,1.0,1
32,1,1,1,0.35913546117114853,1,0,2.301728820789,1.0,1
33,1,3,1,0.35913546117114853,0,0,-0.49237782784290063,2.0,1
34,0,2,0,0.8240764011058055,0,0,-0.43700743807979686,0.0,1
35,0,1,0,0.34656948982156316,1,0,1.0060617003323709,1.0,1
36,0,1,0,0.5224930887157577,1,0,0.39858208016340624,0.0,1
37,1,3,0,0.35913546117114853,0,0,-0.5028639729296732,1.0,1
38,0,3,0,0.2586076903744659,0,0,-0.4863374216869257,0.0,1
39,0,3,1,0.22090977632571,2,0,-0.2859972841804228,0.0,1
40,1,3,1,0.17064589092736868,1,0,-0.42207354059350805,1.0,1
41,0,3,1,0.49736114601658704,1,0,-0.4576454924460446,0.0,1
42,0,2,1,0.33400351847197784,1,0,-0.22559322262067316,0.0,1
43,0,3,0,0.35913546117114853,0,0,-0.4894421904510968,1.0,1
44,1,2,1,0.032420206081930136,1,2,0.18876253192945994,1.0,1
45,1,3,1,0.2334757476752953,0,0,-0.48977642625839407,2.0,1
46,0,3,0,0.35913546117114853,0,0,-0.4863374216869257,0.0,1
47,0,3,0,0.35913546117114853,1,0,-0.3363340021468808,2.0,1
48,1,3,1,0.35913546117114853,0,0,-0.49237782784290063,2.0,1
49,0,3,0,0.35913546117114853,2,0,-0.21191774308354583,1.0,1
50,0,3,1,0.22090977632571,1,0,-0.29002422161773944,0.0,1
51,0,3,0,0.08268409148027142,4,1,0.1506737441786005,0.0,1
52,0,3,0,0.2586076903744659,0,0,-0.4913710934835715,0.0,1
53,1,1,1,0.610454888162855,1,0,0.8964967865378598,1.0,1
54,1,2,1,0.35913546117114853,1,0,-0.12491978668775715,0.0,1
55,0,1,0,0.8115104297562202,0,1,0.5995101505357573,1.0,1
56,1,1,0,0.35913546117114853,0,0,0.06635974158478332,0.0,1
57,1,2,1,0.2586076903744659,0,0,-0.43700743807979686,0.0,1
58,0,3,0,0.35285247549635584,0,0,-0.5028639729296732,1.0,1
59,1,2,1,0.05755214878110078,1,2,-0.08968408411123653,0.0,1
60,0,3,0,0.1329479768786127,5,2,0.2958951755118318,0.0,1
61,0,3,0,0.2711736617240512,0,0,-0.5028639729296732,1.0,1
62,1,1,1,0.4722292033174164,0,0,0.962353321387736,0.0,1
63,0,1,0,0.5601910027645137,1,0,1.0323213593611125,0.0,1
64,0,3,0,0.04498617743151546,3,2,-0.08666388103324908,0.0,1
65,0,1,0,0.35913546117114853,0,0,-0.09027201697708476,1.0,1
66,1,3,0,0.35913546117114853,1,1,-0.3414522396297103,1.0,1
67,1,2,1,0.35913546117114853,0,0,-0.43700743807979686,0.0,1
68,0,3,0,0.2334757476752953,0,0,-0.4841568350646187,0.0,1
69,1,3,1,0.20834380497612465,4,2,-0.4888542575852486,0.0,1
70,0,3,0,0.32143754712239253,2,0,-0.47400492578514347,0.0,1
71,0,2,0,0.39683337521990447,0,0,-0.43700743807979686,0.0,1
72,0,3,1,0.19577783362653933,5,2,0.2958951755118318,0.0,1
73,0,2,0,0.2586076903744659,0,0,0.8314778546749452,0.0,1
74,0,3,0,0.32143754712239253,1,0,-0.3573908580066095,1.0,1
75,1,3,0,0.39683337521990447,0,0,0.48910360681684706,0.0,1
76,0,3,0,0.3088715757728072,0,0,-0.494391296561559,0.0,1
77,0,3,0,0.35913546117114853,0,0,-0.4894421904510968,0.0,1
78,0,3,0,0.35913546117114853,0,0,-0.4863374216869257,0.0,1
79,1,2,0,0.005152048253329982,0,2,-0.06451572512800753,0.0,1
80,1,3,1,0.37170143252073384,0,0,-0.397241430886295,0.0,1
81,0,3,0,0.2711736617240512,0,0,-0.46720946885967163,0.0,1
82,1,3,0,0.35913546117114853,0,0,-0.45714212526638004,0.0,1
83,1,3,1,0.35913546117114853,0,0,-0.49162277707340374,2.0,1
84,0,1,0,0.34656948982156316,0,0,0.29992211294914856,0.0,1
85,1,2,1,0.20834380497612465,0,0,-0.43700743807979686,0.0,1
86,1,3,1,0.4093993465694898,3,0,-0.32928686163157667,0.0,1
87,0,3,0,0.19577783362653933,1,3,0.04370821849987721,0.0,1
88,0,3,0,0.35913546117114853,0,0,-0.4863374216869257,0.0,1
89,1,1,1,0.2837396330736366,3,2,4.647001076532463,0.0,1
90,0,3,0,0.2963056044232219,0,0,-0.4863374216869257,0.0,1
91,0,3,0,0.35913546117114853,0,0,-0.4863374216869257,0.0,1
92,0,3,0,0.24604171902488062,0,0,-0.4902797934380587,0.0,1
93,0,1,0,0.5727569741140991,1,0,0.5833178351003071,0.0,1
94,0,3,0,0.32143754712239253,1,2,-0.23415046467497105,0.0,1
95,0,3,0,0.7361146016587082,0,0,-0.5024451714361923,0.0,1
96,0,3,0,0.35913546117114853,0,0,-0.4863374216869257,0.0,1
97,0,1,0,0.8869062578537321,0,0,0.0493298231623713,1.0,1
98,1,1,0,0.2837396330736366,0,1,0.6272778976347743,1.0,1
99,1,2,1,0.4219653179190751,0,1,-0.18532384824750675,0.0,1
100,0,2,0,0.4219653179190751,1,0,-0.12491978668775715,0.0,1
101,0,3,1,0.34656948982156316,0,0,-0.4894421904510968,0.0,1
102,0,3,0,0.35913546117114853,0,0,-0.4894421904510968,0.0,1
103,0,1,0,0.2586076903744659,0,1,0.907737982394129,0.0,1
104,0,3,0,0.4093993465694898,0,0,-0.4741720436887921,0.0,1
105,0,3,0,0.4596632319678311,2,0,-0.4888542575852486,0.0,1
106,0,3,0,0.34656948982156316,0,0,-0.4894421904510968,0.0,1
107,1,3,1,0.2586076903744659,0,0,-0.494391296561559,0.0,1
108,1,3,0,0.35913546117114853,0,0,-0.4918744606632361,0.0,1
109,0,3,0,0.4722292033174164,0,0,-0.4894421904510968,0.0,1
110,1,3,1,0.35913546117114853,1,0,-0.1621689579829361,2.0,1
111,0,1,0,0.5853229454636844,0,0,0.39858208016340624,0.0,1
112,0,3,1,0.17692887660216136,1,0,-0.3573908580066095,1.0,1
113,0,3,0,0.2711736617240512,0,0,-0.4863374216869257,0.0,1
114,0,3,1,0.24604171902488062,1,0,-0.4505983519307405,0.0,1
115,0,3,1,0.20834380497612465,0,0,-0.3573083057891445,1.0,1
116,0,3,0,0.2586076903744659,0,0,-0.4888542575852486,0.0,1
117,0,3,0,0.8806232721789394,0,0,-0.49237782784290063,2.0,1
118,0,2,0,0.35913546117114853,1,0,-0.22559322262067316,0.0,1
119,0,1,0,0.2963056044232219,0,1,4.335332226633905,1.0,1
120,0,3,1,0.01985423473234481,4,2,-0.01870931177853076,0.0,1
121,0,2,0,0.2586076903744659,2,0,0.8314778546749452,0.0,1
122,0,3,0,0.35913546117114853,0,0,-0.4863374216869257,0.0,1
123,0,2,0,0.40311636089469716,1,0,-0.04295550208861426,1.0,1
124,1,2,1,0.40311636089469716,0,0,-0.3866707201133388,0.0,1
125,0,1,0,0.6732847449107816,0,1,0.907737982394129,0.0,1
126,1,3,0,0.14551394822819805,1,0,-0.42207354059350805,1.0,1
127,0,3,0,0.35913546117114853,0,0,-0.49237782784290063,2.0,1
128,1,3,0,0.2963056044232219,0,0,-0.5046257580584992,0.0,1
129,1,3,1,0.35913546117114853,1,1,-0.19824427701513722,1.0,1
130,0,3,0,0.5601910027645137,0,0,-0.5079822104125026,0.0,1
131,0,3,0,0.4093993465694898,0,0,-0.4894421904510968,1.0,1
132,0,3,0,0.24604171902488062,0,0,-0.5064721088735089,0.0,1
133,0,3,1,0.5853229454636844,1,0,-0.35646868933346404,0.0,1
134,1,2,1,0.35913546117114853,1,0,-0.12491978668775715,0.0,1
135,0,2,0,0.3088715757728072,0,0,-0.3866707201133388,0.0,1
136,0,2,0,0.2837396330736366,0,0,-0.3454791770670269,1.0,1
137,1,1,1,0.2334757476752953,0,2,-0.11921562980779811,0.0,1
138,0,1,0,0.4596632319678311,1,0,0.4207302360686478,0.0,1
139,0,3,0,0.19577783362653933,0,0,-0.4628462821463391,0.0,1
140,0,1,0,0.2963056044232219,0,0,0.9462455716384695,1.0,1
141,0,3,1,0.35913546117114853,0,2,-0.3414522396297103,1.0,1
142,1,3,1,0.2711736617240512,0,0,-0.49237782784290063,0.0,1
143,1,3,1,0.2963056044232219,1,0,-0.32928686163157667,0.0,1
144,0,3,0,0.2334757476752953,0,0,-0.5125125150294839,2.0,1
145,0,2,0,0.22090977632571,0,0,-0.41687275089321363,0.0,1
146,0,2,0,0.2334757476752953,1,1,0.09152810056801232,0.0,1
147,1,3,0,0.33400351847197784,0,0,-0.49145565916975514,0.0,1
148,0,3,1,0.10781603417944208,2,2,0.04370821849987721,0.0,1
149,0,2,0,0.4533802462930384,0,2,-0.12491978668775715,0.0,1
150,0,2,0,0.5224930887157577,0,0,-0.3866707201133388,0.0,1
151,0,2,0,0.6355868308620256,0,0,-0.39623469652696586,0.0,1
152,1,1,1,0.2711736617240512,1,0,0.6925485130875209,0.0,1
153,0,3,0,0.6921337019351597,0,0,-0.4863374216869257,0.0,1
154,0,3,0,0.5036441316913798,0,2,-0.35646868933346404,0.0,1
155,0,3,0,0.35913546117114853,0,0,-0.5011867534870308,0.0,1
156,0,1,0,0.6355868308620256,0,1,0.5874293382238074,1.0,1
157,1,3,1,0.19577783362653933,0,0,-0.49271407711891657,2.0,1
158,0,3,0,0.37170143252073384,0,0,-0.4863374216869257,0.0,1
159,0,3,0,0.35913546117114853,0,0,-0.47400492578514347,0.0,1
160,0,3,0,0.35913546117114853,8,2,0.7519458402879414,0.0,1
161,0,3,0,0.5476250314149284,0,1,-0.32425318983493084,0.0,1
162,1,2,1,0.49736114601658704,0,0,-0.331300330350235,0.0,1
163,0,3,0,0.32143754712239253,0,0,-0.4918744606632361,0.0,1
164,0,3,0,0.20834380497612465,0,0,-0.47400492578514347,0.0,1
165,0,3,0,0.007288263382759488,4,1,0.1506737441786005,0.0,1
166,1,3,0,0.10781603417944208,0,2,-0.2351571990343002,0.0,1
167,1,1,1,0.35913546117114853,0,1,0.4589861417231558,0.0,1
168,0,3,1,0.5601910027645137,1,4,-0.08666388103324908,0.0,1
169,0,1,0,0.35913546117114853,0,0,-0.12642988822675086,0.0,1
170,0,3,0,0.34656948982156316,0,0,0.48910360681684706,0.0,1
171,0,1,0,0.7612465443578789,0,0,0.026090367211616904,0.0,1
172,0,3,0,0.04498617743151546,4,1,-0.06199888922968463,2.0,1
173,1,3,1,0.007288263382759488,1,1,-0.4242561406845337,0.0,1
174,0,3,0,0.2586076903744659,0,0,-0.4888542575852486,0.0,1
175,0,1,0,0.6984166876099522,0,0,-0.030371322596999754,1.0,1
176,0,3,0,0.22090977632571,1,1,-0.4902797934380587,0.0,1
177,0,3,0,0.35913546117114853,3,1,-0.13565761536436197,0.0,1
178,0,1,1,0.6230208595124404,0,0,-0.07030444769415023,1.0,1
179,0,2,0,0.37170143252073384,0,0,-0.3866707201133388,0.0,1
180,0,3,0,0.4470972606182458,0,0,-0.6484216535389205,0.0,1
181,0,3,1,0.35913546117114853,8,2,0.7519458402879414,0.0,1
182,0,2,0,0.35913546117114853,0,0,-0.34539461138084326,1.0,1
183,0,3,0,0.10781603417944208,4,2,-0.016444159470040135,0.0,1
184,1,2,0,0.007288263382759488,2,1,0.13683114673782454,0.0,1
185,1,3,1,0.04498617743151546,0,2,-0.20495516825442542,0.0,1
186,0,1,0,0.35913546117114853,0,0,0.3583127057902398,0.0,1
187,1,3,1,0.35913546117114853,1,0,-0.3363340021468808,2.0,1
188,1,1,0,0.5601910027645137,0,0,-0.11384570873513637,0.0,1
189,0,3,0,0.49736114601658704,1,1,-0.3363340021468808,2.0,1
190,0,3,0,0.4470972606182458,0,0,-0.4894421904510968,0.0,1
191,1,2,1,0.39683337521990447,0,0,-0.3866707201133388,0.0,1
192,0,2,0,0.2334757476752953,0,0,-0.3866707201133388,0.0,1
193,1,3,1,0.2334757476752953,1,0,-0.4902797934380587,0.0,1
194,1,2,0,0.032420206081930136,1,1,-0.12491978668775715,0.0,1
195,1,1,1,0.5476250314149284,0,0,-0.09027201697708476,1.0,1
196,1,1,1,0.723548630309123,0,0,2.301728820789,1.0,1
197,0,3,0,0.35913546117114853,0,0,-0.49237782784290063,2.0,1
198,0,3,0,0.5224930887157577,0,1,-0.47920571548543794,0.0,1
199,1,3,1,0.35913546117114853,0,0,-0.49237782784290063,2.0,1
200,0,2,1,0.2963056044232219,0,0,-0.3866707201133388,0.0,1
201,0,3,0,0.34656948982156316,0,0,-0.45714212526638004,0.0,1
202,0,3,0,0.35913546117114853,8,2,0.7519458402879414,0.0,1
203,0,3,0,0.4219653179190751,0,0,-0.5176307525123133,0.0,1
204,0,3,0,0.5664739884393064,0,0,-0.5029485386158568,1.0,1
205,1,3,0,0.22090977632571,0,0,-0.4863374216869257,0.0,1
206,0,3,1,0.01985423473234481,0,1,-0.43776248884929375,0.0,1
207,0,3,0,0.39683337521990447,1,0,-0.32928686163157667,0.0,1
208,1,3,0,0.32143754712239253,0,0,-0.2701412180209885,1.0,1
209,1,3,1,0.19577783362653933,0,0,-0.49237782784290063,2.0,1
210,1,1,0,0.49736114601658704,0,0,-0.024246350754841113,1.0,1
211,0,3,0,0.2963056044232219,0,0,-0.5064721088735089,0.0,1
212,1,2,1,0.4345312892686604,0,0,-0.22559322262067316,0.0,1
213,0,3,0,0.2711736617240512,0,0,-0.5024451714361923,0.0,1
214,0,2,0,0.37170143252073384,0,0,-0.3866707201133388,0.0,1
215,0,3,0,0.35913546117114853,1,0,-0.49237782784290063,2.0,1
216,1,1,1,0.38426740387031916,1,0,1.6323350375212924,1.0,1
217,1,3,1,0.33400351847197784,0,0,-0.4888542575852486,0.0,1
218,0,2,0,0.5224930887157577,1,0,-0.10478509950117394,0.0,1
219,1,1,1,0.39683337521990447,0,0,0.8876878608937296,1.0,1
220,0,2,0,0.37170143252073384,0,0,-0.43700743807979686,0.0,1
221,1,3,0,0.19577783362653933,0,0,-0.4863374216869257,0.0,1
222,0,2,0,0.33400351847197784,0,0,-0.3866707201133388,0.0,1
223,0,3,0,0.6355868308620256,0,0,-0.4863374216869257,0.0,1
224,0,3,0,0.35913546117114853,0,0,-0.4894421904510968,0.0,1
225,1,1,0,0.4722292033174164,1,0,1.163700193253568,0.0,1
226,0,3,0,0.2711736617240512,0,0,-0.4601623283443675,0.0,1
227,1,2,0,0.2334757476752953,0,0,-0.43700743807979686,0.0,1
228,0,3,0,0.2523247046996733,0,0,-0.5024451714361923,0.0,1
229,0,2,0,0.22090977632571,0,0,-0.3866707201133388,0.0,1
230,0,3,1,0.35913546117114853,3,1,-0.13565761536436197,0.0,1
231,1,1,1,0.4345312892686604,1,0,1.0323213593611125,0.0,1
232,0,3,0,0.35913546117114853,0,0,-0.4918744606632361,0.0,1
233,0,2,0,0.7361146016587082,0,0,-0.3766033765200472,0.0,1
234,1,3,1,0.05755214878110078,4,2,-0.016444159470040135,0.0,1
235,0,2,0,0.2963056044232219,0,0,-0.43700743807979686,0.0,1
236,0,3,1,0.35913546117114853,0,0,-0.49640476528021726,0.0,1
237,0,2,0,0.5476250314149284,1,0,-0.12491978668775715,0.0,1
238,1,2,1,0.09525006282985675,0,2,-0.11988611489111134,0.0,1
239,0,2,0,0.2334757476752953,0,0,-0.43700743807979686,0.0,1
240,0,2,0,0.4093993465694898,0,0,-0.4012683683236117,0.0,1
241,0,3,1,0.35913546117114853,1,0,-0.3573908580066095,1.0,1
242,1,3,1,0.35913546117114853,1,0,-0.3363340021468808,2.0,1
243,0,2,0,0.35913546117114853,0,0,-0.43700743807979686,0.0,1
244,0,3,0,0.2711736617240512,0,0,-0.5049620073345151,0.0,1
245,0,3,0,0.37170143252073384,0,0,-0.5029485386158568,1.0,1
246,0,1,0,0.5476250314149284,2,0,1.163700193253568,2.0,1
247,0,3,1,0.3088715757728072,0,0,-0.4918744606632361,0.0,1
248,1,2,1,0.2963056044232219,0,2,-0.35646868933346404,0.0,1
249,1,1,0,0.4596632319678311,1,1,0.40974072380221066,0.0,1
250,0,2,0,0.6732847449107816,1,0,-0.12491978668775715,0.0,1
251,0,3,0,0.35913546117114853,0,0,-0.5024451714361923,0.0,1
252,0,3,1,0.35913546117114853,1,1,-0.43776248884929375,0.0,1
253,0,1,0,0.7738125157074642,0,0,-0.11384570873513637,0.0,1
254,0,3,0,0.37170143252073384,1,0,-0.32425318983493084,0.0,1
255,0,3,1,0.5099271173661725,0,2,-0.2414492887801075,0.0,1
256,1,3,1,0.35913546117114853,0,2,-0.3414522396297103,1.0,1
257,1,1,1,0.35913546117114853,0,0,0.9462455716384695,1.0,1
258,1,1,1,0.37170143252073384,0,0,1.093228788100527,0.0,1
259,1,1,1,0.4345312892686604,0,0,9.667166525013505,1.0,1
260,1,2,1,0.6230208595124404,0,1,-0.12491978668775715,0.0,1
261,0,3,0,0.35913546117114853,0,0,-0.49237782784290063,2.0,1
262,1,3,0,0.032420206081930136,4,2,-0.016444159470040135,0.0,1
263,0,1,0,0.648152802211611,1,1,0.955306180872432,0.0,1
264,0,1,0,0.49736114601658704,0,0,-0.6484216535389205,0.0,1
265,0,3,1,0.35913546117114853,0,0,-0.49237782784290063,2.0,1
266,0,2,0,0.4470972606182458,0,0,-0.43700743807979686,0.0,1
267,0,3,0,0.19577783362653933,4,1,0.1506737441786005,0.0,1
268,1,3,0,0.3088715757728072,1,0,-0.4918744606632361,0.0,1
269,1,1,1,0.723548630309123,0,1,2.441497778832105,0.0,1
270,1,1,1,0.4345312892686604,0,0,2.0825124140450755,0.0,1
271,0,1,0,0.35913546117114853,0,0,-0.024246350754841113,0.0,1
272,1,3,0,0.3088715757728072,0,0,-0.6484216535389205,0.0,1
273,1,2,1,0.5099271173661725,0,1,-0.255795253400548,0.0,1
274,0,1,0,0.4596632319678311,0,1,-0.05042144409739929,1.0,1
275,1,3,1,0.35913546117114853,0,0,-0.49237782784290063,2.0,1
276,1,1,1,0.7863784870570495,1,0,0.921244330558889,0.0,1
277,0,3,1,0.5601910027645137,0,0,-0.49237782784290063,0.0,1
278,0,2,0,0.35913546117114853,0,0,-0.6484216535389205,0.0,1
279,0,3,0,0.08268409148027142,4,1,-0.06199888922968463,2.0,1
280,1,3,1,0.4345312892686604,1,1,-0.24069423801061057,0.0,1
281,0,3,0,0.8115104297562202,0,0,-0.49237782784290063,2.0,1
282,0,3,0,0.34656948982156316,0,0,-0.4902797934380587,0.0,1
283,0,3,0,0.19577783362653933,0,0,-0.45714212526638004,0.0,1
284,1,3,0,0.2334757476752953,0,0,-0.4863374216869257,0.0,1
285,0,1,0,0.35913546117114853,0,0,-0.12491978668775715,0.0,1
286,0,3,0,0.4093993465694898,0,0,-0.47400492578514347,1.0,1
287,1,3,0,0.37170143252073384,0,0,-0.45714212526638004,0.0,1
288,0,3,0,0.2711736617240512,0,0,-0.4894421904510968,0.0,1
289,1,2,0,0.5224930887157577,0,0,-0.3866707201133388,0.0,1
290,1,3,1,0.2711736617240512,0,0,-0.49237782784290063,2.0,1
291,1,1,1,0.32143754712239253,0,0,0.9391984311231651,0.0,1
292,1,1,1,0.2334757476752953,1,0,1.1854295476653287,1.0,1
293,0,2,0,0.4470972606182458,0,0,-0.3891875560116617,1.0,1
294,0,3,1,0.2963056044232219,0,0,-0.4702296719376591,0.0,1
295,0,3,0,0.2963056044232219,0,0,-0.4894421904510968,0.0,1
296,0,1,0,0.35913546117114853,0,0,-0.09027201697708476,1.0,1
297,0,3,0,0.2900226187484292,0,0,-0.5028639729296732,1.0,1
298,0,1,1,0.01985423473234481,1,2,2.4029901895877646,0.0,1
299,1,1,0,0.35913546117114853,0,0,-0.034313694348132716,0.0,1
300,1,1,1,0.6230208595124404,0,1,4.335332226633905,1.0,1
301,1,3,1,0.35913546117114853,0,0,-0.49237782784290063,2.0,1
302,1,3,0,0.35913546117114853,2,0,-0.18029017645086096,2.0,1
303,0,3,0,0.2334757476752953,0,0,-0.6484216535389205,0.0,1
304,1,2,1,0.35913546117114853,0,0,-0.3997582667846179,2.0,1
305,0,3,0,0.35913546117114853,0,0,-0.4863374216869257,0.0,1
306,1,1,0,0.006282985674792663,1,2,2.4029901895877646,0.0,1
307,1,1,1,0.35913546117114853,0,0,1.5841789061771412,1.0,1
308,1,1,1,0.20834380497612465,1,0,1.5442457810799908,1.0,1
309,0,2,0,0.37170143252073384,1,0,-0.16518916106092355,1.0,1
310,1,1,1,0.37170143252073384,0,0,0.49782998024351216,1.0,1
311,1,1,1,0.2963056044232219,0,0,1.0259447039291216,1.0,1
312,1,1,1,0.22090977632571,2,2,4.634416897040849,1.0,1
313,0,2,1,0.32143754712239253,1,1,-0.12491978668775715,0.0,1
314,0,3,0,0.34656948982156316,0,0,-0.4894421904510968,0.0,1
315,0,2,0,0.5350590600653431,1,1,-0.11988611489111134,0.0,1
316,1,3,1,0.32143754712239253,0,0,-0.4902797934380587,0.0,1
317,1,2,1,0.2963056044232219,1,0,-0.12491978668775715,0.0,1
318,0,2,0,0.6732847449107816,0,0,-0.36653603292675563,0.0,1
319,1,1,1,0.38426740387031916,0,2,2.671117778445337,0.0,1
320,1,1,1,0.49736114601658704,1,1,2.059693773056521,1.0,1
321,0,3,0,0.2711736617240512,0,0,-0.5024451714361923,0.0,1
322,0,3,0,0.33400351847197784,0,0,-0.4894421904510968,0.0,1
323,1,2,1,0.37170143252073384,0,0,-0.3997582667846179,2.0,1
324,1,2,1,0.2711736617240512,1,1,-0.06451572512800753,0.0,1
325,0,3,0,0.35913546117114853,8,2,0.7519458402879414,0.0,1
326,1,1,1,0.4470972606182458,0,0,2.0825124140450755,1.0,1
327,0,3,0,0.7612465443578789,0,0,-0.5228315422126077,0.0,1
328,1,2,1,0.4470972606182458,0,0,-0.3866707201133388,0.0,1
329,1,3,1,0.38426740387031916,1,1,-0.2351571990343002,0.0,1
330,1,1,1,0.19577783362653933,0,1,0.5189714017894245,1.0,1
331,1,3,1,0.35913546117114853,2,0,-0.18029017645086096,2.0,1
332,0,1,0,0.5664739884393064,0,0,-0.07458306872129913,0.0,1
333,0,1,0,0.4722292033174164,0,1,2.441497778832105,0.0,1
334,0,3,0,0.19577783362653933,2,0,-0.2859972841804228,0.0,1
335,1,1,1,0.35913546117114853,1,0,2.042579288947925,0.0,1
336,0,3,0,0.35913546117114853,0,0,-0.4894421904510968,0.0,1
337,0,1,0,0.35913546117114853,1,0,0.6925485130875209,0.0,1
338,1,1,1,0.5099271173661725,0,0,2.059693773056521,1.0,1
339,1,3,0,0.5601910027645137,0,0,-0.4863374216869257,0.0,1
340,0,1,0,0.5601910027645137,0,0,0.06635974158478332,0.0,1
341,1,2,0,0.01985423473234481,1,1,-0.12491978668775715,0.0,1
342,1,1,1,0.2963056044232219,3,2,4.647001076532463,0.0,1
343,0,2,0,0.34656948982156316,0,0,-0.3866707201133388,0.0,1
344,0,2,0,0.3088715757728072,0,0,-0.3866707201133388,0.0,1
345,0,2,0,0.4470972606182458,0,0,-0.3866707201133388,0.0,1
346,1,2,1,0.2963056044232219,0,0,-0.3866707201133388,0.0,1
347,1,2,1,0.49736114601658704,0,0,-0.3866707201133388,0.0,1
348,1,3,1,0.35913546117114853,1,0,-0.32425318983493084,0.0,1
349,1,3,0,0.032420206081930136,1,1,-0.32828012727224753,0.0,1
350,0,3,0,0.5224930887157577,0,0,-0.47400492578514347,0.0,1
351,0,3,0,0.2837396330736366,0,0,-0.4626791642426904,0.0,1
352,0,1,0,0.35913546117114853,0,0,0.05629239799149171,0.0,1
353,0,3,0,0.18321186227695402,1,1,-0.5028639729296732,1.0,1
354,0,3,0,0.3088715757728072,1,0,-0.29002422161773944,0.0,1
355,0,3,0,0.35913546117114853,0,0,-0.5029485386158568,1.0,1
356,0,3,0,0.34656948982156316,0,0,-0.45714212526638004,0.0,1
357,1,1,1,0.2711736617240512,0,1,0.4589861417231558,0.0,1
358,0,2,1,0.4722292033174164,0,0,-0.3866707201133388,0.0,1
359,1,3,1,0.35913546117114853,0,0,-0.48977642625839407,2.0,1
360,1,3,1,0.35913546117114853,0,0,-0.48977642625839407,2.0,1
361,0,3,0,0.49736114601658704,1,4,-0.08666388103324908,0.0,1
362,0,2,0,0.35913546117114853,1,0,-0.09027201697708476,1.0,1
363,0,3,1,0.5601910027645137,0,1,-0.3573908580066095,1.0,1
364,0,3,0,0.4345312892686604,0,0,-0.5064721088735089,0.0,1
365,0,3,0,0.35913546117114853,1,0,-0.3363340021468808,2.0,1
366,0,3,0,0.37170143252073384,0,0,-0.5024451714361923,0.0,1
367,1,1,1,0.7486805730082936,1,0,0.8667135572514657,1.0,1
368,1,3,1,0.35913546117114853,0,0,-0.5028639729296732,1.0,1
369,1,3,1,0.35913546117114853,0,0,-0.49237782784290063,2.0,1
370,1,1,1,0.2963056044232219,0,0,0.7469121684912956,1.0,1
371,1,1,0,0.3088715757728072,1,0,0.4678796330534696,1.0,1
372,0,3,0,0.22090977632571,1,0,-0.5176307525123133,0.0,1
373,0,3,0,0.2334757476752953,0,0,-0.4863374216869257,0.0,1
374,0,1,0,0.2711736617240512,0,0,2.0825124140450755,1.0,1
375,0,3,1,0.032420206081930136,3,1,-0.22408312108167944,0.0,1
376,1,1,1,0.35913546117114853,1,0,1.0060617003323709,1.0,1
377,1,3,1,0.2711736617240512,0,0,-0.5024451714361923,0.0,1
378,0,1,0,0.33400351847197784,0,2,3.610064686423428,1.0,1
379,0,3,0,0.24604171902488062,0,0,-0.5676312212027554,1.0,1
380,0,3,0,0.2334757476752953,0,0,-0.4918744606632361,0.0,1
381,1,1,1,0.5224930887157577,0,0,3.9327230485884233,1.0,1
382,1,3,1,0.007288263382759488,0,2,-0.33146744825388363,1.0,1
383,0,3,0,0.39683337521990447,0,0,-0.4888542575852486,0.0,1
384,1,1,1,0.4345312892686604,1,0,0.39858208016340624,0.0,1
385,0,3,0,0.35913546117114853,0,0,-0.4894421904510968,0.0,1
386,0,2,0,0.22090977632571,0,0,0.8314778546749452,0.0,1
387,0,3,0,0.007288263382759488,5,2,0.2958951755118318,0.0,1
388,1,2,1,0.4470972606182458,0,0,-0.3866707201133388,0.0,1
389,0,3,0,0.35913546117114853,0,0,-0.49279662933638163,2.0,1
390,1,2,1,0.20834380497612465,0,0,-0.40680540729992204,1.0,1
391,1,1,0,0.4470972606182458,1,2,1.7677408088510642,0.0,1
392,1,3,0,0.2586076903744659,0,0,-0.49145565916975514,0.0,1
393,0,3,0,0.34656948982156316,2,0,-0.4888542575852486,0.0,1
394,1,1,1,0.2837396330736366,1,0,1.6323350375212924,1.0,1
395,1,3,1,0.2963056044232219,0,2,-0.312172377522981,0.0,1
396,0,3,0,0.2711736617240512,0,0,-0.49145565916975514,0.0,1
397,0,3,1,0.38426740387031916,0,0,-0.4902797934380587,0.0,1
398,0,2,0,0.5727569741140991,0,0,-0.12491978668775715,0.0,1
399,0,2,0,0.2837396330736366,0,0,-0.43700743807979686,0.0,1
400,1,2,1,0.34656948982156316,0,0,-0.393717860628643,0.0,1
401,1,3,0,0.4847951746670017,0,0,-0.4888542575852486,0.0,1
402,0,3,0,0.32143754712239253,0,0,-0.4863374216869257,0.0,1
403,0,3,1,0.2586076903744659,1,0,-0.4505983519307405,0.0,1
404,0,3,0,0.34656948982156316,1,0,-0.32928686163157667,0.0,1
405,0,3,1,0.24604171902488062,0,0,-0.47400492578514347,0.0,1
406,0,2,0,0.4219653179190751,1,0,-0.22559322262067316,0.0,1
407,0,3,0,0.6355868308620256,0,0,-0.49237782784290063,0.0,1
408,1,2,0,0.032420206081930136,1,1,-0.2708962687904854,0.0,1
409,0,3,0,0.2586076903744659,0,0,-0.4918744606632361,0.0,1
410,0,3,1,0.35913546117114853,3,1,-0.13565761536436197,0.0,1
411,0,3,0,0.35913546117114853,0,0,-0.4894421904510968,0.0,1
412,0,3,0,0.35913546117114853,0,0,-0.5103319284071769,2.0,1
413,1,1,1,0.4093993465694898,1,0,1.163700193253568,2.0,1
414,0,2,0,0.35913546117114853,0,0,-0.6484216535389205,0.0,1
415,1,3,0,0.5476250314149284,0,0,-0.4888542575852486,0.0,1
416,0,3,1,0.35913546117114853,0,0,-0.4863374216869257,0.0,1
417,1,2,1,0.4219653179190751,1,1,0.005955680025033696,0.0,1
418,1,2,1,0.22090977632571,0,2,-0.3866707201133388,0.0,1
419,0,2,0,0.37170143252073384,0,0,-0.3866707201133388,0.0,1
420,0,3,1,0.12038200552902739,0,2,-0.1621689579829361,0.0,1
421,0,3,0,0.35913546117114853,0,0,-0.4894421904510968,1.0,1
422,0,3,0,0.2586076903744659,0,0,-0.49271407711891657,2.0,1
423,0,3,0,0.35913546117114853,0,0,-0.4898609919445778,0.0,1
424,0,3,1,0.34656948982156316,1,1,-0.35848215805212236,0.0,1
425,0,3,0,0.22090977632571,1,1,-0.2414492887801075,0.0,1
426,0,3,0,0.35913546117114853,0,0,-0.5024451714361923,0.0,1
427,1,2,1,0.34656948982156316,1,0,-0.12491978668775715,0.0,1
428,1,2,1,0.2334757476752953,0,0,-0.12491978668775715,0.0,1
429,0,3,0,0.35913546117114853,0,0,-0.49237782784290063,2.0,1
430,1,3,0,0.39683337521990447,0,0,-0.4863374216869257,0.0,1
431,1,1,0,0.34656948982156316,0,0,-0.11384570873513637,0.0,1
432,1,3,1,0.35913546117114853,1,0,-0.32425318983493084,0.0,1
433,1,2,1,0.5224930887157577,1,0,-0.12491978668775715,0.0,1
434,0,3,0,0.20834380497612465,0,0,-0.5049620073345151,0.0,1
435,0,1,0,0.6230208595124404,1,0,0.4771073601910807,0.0,1
436,1,1,1,0.17064589092736868,1,2,1.7677408088510642,0.0,1
437,0,3,1,0.2586076903744659,2,2,0.04370821849987721,0.0,1
438,1,2,1,0.2963056044232219,2,3,-0.2708962687904854,0.0,1
439,0,1,0,0.7989444584066349,1,4,4.647001076532463,0.0,1
440,0,2,0,0.38426740387031916,0,0,-0.43700743807979686,0.0,1
441,1,2,1,0.5601910027645137,1,1,-0.11988611489111134,0.0,1
442,0,3,0,0.24604171902488062,0,0,-0.45714212526638004,0.0,1
443,0,3,0,0.3088715757728072,1,0,-0.4918744606632361,0.0,1
444,1,2,1,0.34656948982156316,0,0,-0.3866707201133388,0.0,1
445,1,3,0,0.35913546117114853,0,0,-0.48507900373776425,0.0,1
446,1,1,0,0.04498617743151546,0,2,0.9997696105865636,0.0,1
447,1,2,1,0.15807991957778336,0,1,-0.255795253400548,0.0,1
448,1,1,0,0.4219653179190751,0,0,-0.11384570873513637,0.0,1
449,1,3,1,0.05755214878110078,2,1,-0.26066180729354516,1.0,1
450,1,1,0,0.648152802211611,0,0,-0.034313694348132716,0.0,1
451,0,2,0,0.4470972606182458,1,2,-0.08968408411123653,0.0,1
452,0,3,0,0.35913546117114853,1,0,-0.2463983948905696,0.0,1
453,0,1,0,0.37170143252073384,0,0,-0.08968408411123653,1.0,1
454,1,1,0,0.610454888162855,1,0,1.145663540471827,1.0,1
455,0,3,0,0.35913546117114853,0,0,-0.4863374216869257,0.0,1
456,1,3,0,0.35913546117114853,0,0,-0.4894421904510968,1.0,1
457,0,1,0,0.8115104297562202,0,0,-0.11384570873513637,0.0,1
458,1,1,1,0.35913546117114853,1,0,0.395813560675251,0.0,1
459,1,2,1,0.6230208595124404,0,0,-0.43700743807979686,0.0,1
460,0,3,0,0.35913546117114853,0,0,-0.49237782784290063,2.0,1
461,1,1,0,0.5978889168132697,0,0,-0.11384570873513637,0.0,1
462,0,3,0,0.4219653179190751,0,0,-0.4863374216869257,0.0,1
463,0,1,0,0.5853229454636844,0,0,0.12676380314453292,0.0,1
464,0,2,0,0.5978889168132697,0,0,-0.3866707201133388,0.0,1
465,0,3,0,0.35913546117114853,0,0,-0.4863374216869257,0.0,1
466,0,3,0,0.4722292033174164,0,0,-0.5064721088735089,0.0,1
467,0,2,0,0.35913546117114853,0,0,-0.6484216535389205,0.0,1
468,0,1,0,0.6984166876099522,0,0,-0.11384570873513637,0.0,1
469,0,3,0,0.35913546117114853,0,0,-0.4928811950225652,2.0,1
470,1,3,1,0.0041467705453631576,2,1,-0.26066180729354516,1.0,1
471,0,3,0,0.35913546117114853,0,0,-0.5024451714361923,0.0,1
472,0,3,0,0.4722292033174164,0,0,-0.47400492578514347,0.0,1
473,1,2,1,0.4093993465694898,1,2,-0.08968408411123653,0.0,1
474,1,2,1,0.2837396330736366,0,0,-0.3707300882677209,1.0,1
475,0,3,1,0.2711736617240512,0,0,-0.45034666834090825,0.0,1
476,0,1,0,0.35913546117114853,0,0,0.39858208016340624,0.0,1
477,0,2,0,0.4219653179190751,1,0,-0.22559322262067316,0.0,1
478,0,3,0,0.35913546117114853,1,0,-0.5065566745596926,0.0,1
479,0,3,0,0.2711736617240512,0,0,-0.4969926981460655,0.0,1
480,1,3,1,0.01985423473234481,0,1,-0.4010166847337793,0.0,1
481,0,3,0,0.10781603417944208,5,2,0.2958951755118318,0.0,1
482,0,2,0,0.35913546117114853,0,0,-0.6484216535389205,0.0,1
483,0,3,0,0.6230208595124404,0,0,-0.4863374216869257,0.0,1
484,1,3,1,0.7863784870570495,0,0,-0.455380340137554,0.0,1
485,1,1,0,0.3088715757728072,1,0,1.1854295476653287,1.0,1
486,0,3,1,0.35913546117114853,3,1,-0.13565761536436197,0.0,1
487,1,1,1,0.4345312892686604,1,0,1.163700193253568,0.0,1
488,0,1,0,0.723548630309123,0,0,-0.05042144409739929,1.0,1
489,0,3,0,0.37170143252073384,0,0,-0.4863374216869257,0.0,1
490,1,3,0,0.10781603417944208,1,1,-0.32828012727224753,0.0,1
491,0,3,0,0.35913546117114853,1,0,-0.2463983948905696,0.0,1
492,0,3,0,0.2586076903744659,0,0,-0.5024451714361923,0.0,1
493,0,1,0,0.685850716260367,0,0,-0.034313694348132716,0.0,1
494,0,1,0,0.8869062578537321,0,0,0.3483299278831318,1.0,1
495,0,3,0,0.2586076903744659,0,0,-0.4863374216869257,0.0,1
496,0,3,0,0.35913546117114853,0,0,-0.3573083057891445,1.0,1
497,1,1,1,0.6732847449107816,1,0,0.9274538680872313,1.0,1
498,0,3,0,0.35913546117114853,0,0,-0.3443878770215141,0.0,1
499,0,1,1,0.3088715757728072,1,2,2.4029901895877646,0.0,1
500,0,3,0,0.2963056044232219,0,0,-0.49145565916975514,0.0,1
501,0,3,0,0.20834380497612465,0,0,-0.47400492578514347,0.0,1
502,0,3,1,0.2586076903744659,0,0,-0.49237782784290063,2.0,1
503,0,3,1,0.35913546117114853,0,0,-0.4948100980550399,2.0,1
504,0,3,1,0.4596632319678311,0,0,-0.455380340137554,0.0,1
505,1,1,1,0.19577783362653933,0,0,1.093228788100527,0.0,1
506,0,1,0,0.22090977632571,1,0,1.5442457810799908,1.0,1
507,1,2,1,0.4093993465694898,0,2,-0.12491978668775715,0.0,1
508,1,1,0,0.35913546117114853,0,0,-0.11384570873513637,0.0,1
509,0,3,0,0.34656948982156316,0,0,-0.1948878246611338,0.0,1
510,1,3,0,0.32143754712239253,0,0,0.48910360681684706,0.0,1
511,1,3,0,0.35913546117114853,0,0,-0.49237782784290063,2.0,1
512,0,3,0,0.35913546117114853,0,0,-0.4863374216869257,0.0,1
513,1,1,0,0.4470972606182458,0,0,-0.11913106412161445,0.0,1
514,1,1,1,0.6732847449107816,1,0,0.5475787653441219,1.0,1
515,0,3,0,0.2963056044232219,0,0,-0.4974960653257301,0.0,1
516,0,1,0,0.5853229454636844,0,0,0.036576512298389464,0.0,1
517,1,2,1,0.4219653179190751,0,0,-0.43700743807979686,0.0,1
518,0,3,0,0.35913546117114853,0,0,-0.1621689579829361,2.0,1
519,1,2,1,0.4470972606182458,1,0,-0.12491978668775715,0.0,1
520,0,3,0,0.39683337521990447,0,0,-0.4894421904510968,0.0,1
521,1,1,1,0.37170143252073384,0,0,1.2341715984066093,0.0,1
522,0,3,0,0.2711736617240512,0,0,-0.4894421904510968,0.0,1
523,0,3,0,0.35913546117114853,0,0,-0.5029485386158568,1.0,1
524,1,1,1,0.5476250314149284,0,1,0.5189714017894245,1.0,1
525,0,3,0,0.35913546117114853,0,0,-0.5028639729296732,1.0,1
526,0,3,0,0.5036441316913798,0,0,-0.49237782784290063,2.0,1
527,1,2,1,0.6230208595124404,0,0,-0.43700743807979686,0.0,1
528,0,1,0,0.35913546117114853,0,0,3.817033162951754,0.0,1
529,0,3,0,0.4847951746670017,0,0,-0.4888542575852486,0.0,1
530,0,2,0,0.2837396330736366,2,1,-0.41687275089321363,0.0,1
531,1,2,1,0.01985423473234481,1,1,-0.12491978668775715,0.0,1
532,0,3,0,0.35913546117114853,0,0,-0.5028639729296732,1.0,1
533,0,3,0,0.20834380497612465,1,1,-0.5028639729296732,1.0,1
534,1,3,1,0.35913546117114853,0,2,-0.19824427701513722,1.0,1
535,0,3,1,0.37170143252073384,0,0,-0.47400492578514347,0.0,1
536,1,2,1,0.08268409148027142,0,2,-0.11988611489111134,0.0,1
537,0,1,0,0.5601910027645137,0,0,-0.11384570873513637,0.0,1
538,1,1,1,0.37170143252073384,0,0,1.4944124302931971,1.0,1
539,0,3,0,0.35913546117114853,0,0,-0.35646868933346404,0.0,1
540,1,1,1,0.2711736617240512,0,2,0.3482453621969482,1.0,1
541,1,1,1,0.4470972606182458,0,2,0.7811411367084872,0.0,1
542,0,3,1,0.10781603417944208,4,2,-0.01870931177853076,0.0,1
543,0,3,1,0.1329479768786127,4,2,-0.01870931177853076,0.0,1
544,1,2,0,0.39683337521990447,1,0,-0.12491978668775715,0.0,1
545,0,1,0,0.6230208595124404,1,0,1.4944124302931971,1.0,1
546,0,1,0,0.7989444584066349,0,0,-0.12491978668775715,0.0,1
547,1,2,1,0.2334757476752953,1,0,-0.12491978668775715,0.0,1
548,1,2,0,0.35913546117114853,0,0,-0.3693045524149108,1.0,1
549,0,3,0,0.4093993465694898,1,1,-0.2351571990343002,0.0,1
550,1,2,0,0.09525006282985675,1,1,0.09152810056801232,0.0,1
551,1,1,0,0.20834380497612465,0,2,1.5841789061771412,1.0,1
552,0,2,0,0.33400351847197784,0,0,-0.12491978668775715,0.0,1
553,0,3,0,0.35913546117114853,0,0,-0.49078316061772326,2.0,1
554,1,3,0,0.2711736617240512,0,0,-0.5029485386158568,1.0,1
555,1,3,1,0.2711736617240512,0,0,-0.4918744606632361,0.0,1
556,0,1,0,0.7738125157074642,0,0,-0.11384570873513637,0.0,1
557,1,1,1,0.5978889168132697,1,0,0.1489119590497745,1.0,1
558,0,1,0,0.35913546117114853,0,0,3.9327230485884233,1.0,1
559,1,1,1,0.4847951746670017,1,1,0.955306180872432,0.0,1
560,1,3,1,0.4470972606182458,1,0,-0.29807809649237277,0.0,1
561,0,3,0,0.35913546117114853,0,0,-0.49237782784290063,2.0,1
562,0,3,0,0.49736114601658704,0,0,-0.4894421904510968,0.0,1
563,0,2,0,0.34656948982156316,0,0,-0.3766033765200472,0.0,1
564,0,3,0,0.35913546117114853,0,0,-0.4863374216869257,0.0,1
565,0,3,1,0.35913546117114853,0,0,-0.4863374216869257,0.0,1
566,0,3,0,0.2963056044232219,2,0,-0.1621689579829361,0.0,1
567,0,3,0,0.2334757476752953,0,0,-0.4894421904510968,0.0,1
568,0,3,1,0.35913546117114853,0,4,-0.22408312108167944,0.0,1
569,0,3,0,0.35913546117114853,0,0,-0.5028639729296732,1.0,1
570,1,3,0,0.39683337521990447,0,0,-0.4902797934380587,0.0,1
571,1,2,0,0.7738125157074642,0,0,-0.43700743807979686,0.0,1
572,1,1,1,0.6607187735611963,2,0,0.38809593507663365,0.0,1
573,1,1,0,0.4470972606182458,0,0,-0.11711759540295616,0.0,1
574,1,3,1,0.35913546117114853,0,0,-0.49237782784290063,2.0,1
575,0,3,0,0.19577783362653933,0,0,-0.4863374216869257,0.0,1
576,0,3,0,0.2334757476752953,0,0,-0.35646868933346404,0.0,1
577,1,2,1,0.4219653179190751,0,0,-0.3866707201133388,0.0,1
578,1,1,1,0.4847951746670017,1,0,0.4771073601910807,0.0,1
579,0,3,1,0.35913546117114853,1,0,-0.3573083057891445,1.0,1
580,1,3,0,0.39683337521990447,0,0,-0.4888542575852486,0.0,1
581,1,2,1,0.3088715757728072,1,1,-0.04438103794142432,0.0,1
582,1,1,1,0.4847951746670017,1,1,1.5841789061771412,1.0,1
583,0,2,0,0.6732847449107816,0,0,-0.12491978668775715,0.0,1
584,0,1,0,0.4470972606182458,0,0,0.15948266982273065,1.0,1
585,0,3,0,0.35913546117114853,0,0,-0.47299819142581434,1.0,1
586,1,1,1,0.22090977632571,0,2,0.955306180872432,0.0,1
587,0,2,0,0.5853229454636844,0,0,-0.3464013457401724,0.0,1
588,1,1,0,0.7486805730082936,1,1,0.9462455716384695,1.0,1
589,0,3,0,0.2711736617240512,0,0,-0.4863374216869257,0.0,1
590,0,3,0,0.35913546117114853,0,0,-0.4863374216869257,0.0,1
591,0,3,0,0.4345312892686604,0,0,-0.5049620073345151,0.0,1
592,1,1,1,0.648152802211611,1,0,0.9274538680872313,1.0,1
593,0,3,0,0.5853229454636844,0,0,-0.5024451714361923,0.0,1
594,0,3,1,0.35913546117114853,0,2,-0.49237782784290063,2.0,1
595,0,2,0,0.4596632319678311,1,0,-0.12491978668775715,0.0,1
596,0,3,0,0.4470972606182458,1,1,-0.1621689579829361,0.0,1
597,1,2,1,0.35913546117114853,0,0,0.016023023618325298,0.0,1
598,0,3,0,0.610454888162855,0,0,-0.6484216535389205,0.0,1
599,0,3,0,0.35913546117114853,0,0,-0.5029485386158568,1.0,1
600,1,1,0,0.610454888162855,1,0,0.49782998024351216,1.0,1
601,1,2,1,0.2963056044232219,2,1,-0.10478509950117394,0.0,1
602,0,3,0,0.35913546117114853,0,0,-0.4894421904510968,0.0,1
603,0,1,0,0.35913546117114853,0,0,0.2052890831722074,0.0,1
604,0,3,0,0.5476250314149284,0,0,-0.4863374216869257,0.0,1
605,1,1,0,0.4345312892686604,0,0,-0.11384570873513637,1.0,1
606,0,3,0,0.4470972606182458,1,0,-0.3353272677875516,0.0,1
607,0,3,0,0.37170143252073384,0,0,-0.4894421904510968,0.0,1
608,1,1,0,0.33400351847197784,0,0,-0.034313694348132716,0.0,1
609,1,2,1,0.2711736617240512,1,2,0.18876253192945994,1.0,1
610,1,1,1,0.49736114601658704,0,0,2.441497778832105,0.0,1
611,0,3,1,0.4847951746670017,1,5,-0.01870931177853076,0.0,1
612,0,3,0,0.35913546117114853,0,0,-0.5064721088735089,0.0,1
613,1,3,1,0.35913546117114853,1,0,-0.3363340021468808,2.0,1
614,0,3,0,0.35913546117114853,0,0,-0.49237782784290063,2.0,1
615,0,3,0,0.4345312892686604,0,0,-0.4863374216869257,0.0,1
616,1,2,1,0.2963056044232219,1,2,0.6603330135889879,0.0,1
617,0,3,0,0.4219653179190751,1,1,-0.35848215805212236,0.0,1
618,0,3,1,0.32143754712239253,1,0,-0.32425318983493084,0.0,1
619,1,2,1,0.04498617743151546,2,1,0.13683114673782454,0.0,1
620,0,2,0,0.32143754712239253,0,0,-0.43700743807979686,0.0,1
621,0,3,0,0.33400351847197784,1,0,-0.3573908580066095,1.0,1
622,1,1,0,0.5224930887157577,1,0,0.40974072380221066,0.0,1
623,1,3,0,0.24604171902488062,1,1,-0.33146744825388363,1.0,1
624,0,3,0,0.2586076903744659,0,0,-0.4902797934380587,0.0,1
625,0,3,0,0.2586076903744659,0,0,-0.32425318983493084,0.0,1
626,0,1,0,0.7612465443578789,0,0,0.002347544081197954,0.0,1
627,0,2,0,0.7109826589595376,0,0,-0.3997582667846179,2.0,1
628,1,1,1,0.2586076903744659,0,0,0.921244330558889,0.0,1
629,0,3,0,0.32143754712239253,0,0,-0.4894421904510968,0.0,1
630,0,3,0,0.35913546117114853,0,0,-0.49271407711891657,2.0,1
631,1,1,0,1.0,0,0,-0.04438103794142432,0.0,1
632,0,3,0,0.6355868308620256,0,0,-0.5063875431873253,0.0,1
633,1,1,0,0.39683337521990447,0,0,-0.034313694348132716,1.0,1
634,0,1,0,0.35913546117114853,0,0,-0.6484216535389205,0.0,1
635,0,3,1,0.10781603417944208,3,2,-0.08666388103324908,0.0,1
636,1,2,1,0.34656948982156316,0,0,-0.3866707201133388,0.0,1
637,0,3,0,0.39683337521990447,0,0,-0.4888542575852486,0.0,1
638,0,2,0,0.38426740387031916,1,1,-0.11988611489111134,0.0,1
639,0,3,1,0.5099271173661725,0,5,0.1506737441786005,0.0,1
640,0,3,0,0.35913546117114853,1,0,-0.32425318983493084,0.0,1
641,0,3,0,0.24604171902488062,0,0,-0.4902797934380587,0.0,1
642,1,1,1,0.2963056044232219,0,0,0.7469121684912956,1.0,1
643,0,3,1,0.01985423473234481,3,2,-0.08666388103324908,0.0,1
644,1,3,0,0.35913546117114853,0,0,0.48910360681684706,0.0,1
645,1,3,1,0.0041467705453631576,2,1,-0.26066180729354516,1.0,1
646,1,1,0,0.5978889168132697,1,0,0.8964967865378598,1.0,1
647,0,3,0,0.2334757476752953,0,0,-0.4894421904510968,0.0,1
648,1,1,0,0.6984166876099522,0,0,0.06635974158478332,1.0,1
649,0,3,0,0.35913546117114853,0,0,-0.49640476528021726,0.0,1
650,1,3,1,0.2837396330736366,0,0,-0.49640476528021726,0.0,1
651,0,3,0,0.35913546117114853,0,0,-0.4894421904510968,0.0,1
652,1,2,1,0.22090977632571,0,1,-0.18532384824750675,0.0,1
653,0,3,0,0.2586076903744659,0,0,-0.47861979608830835,0.0,1
654,1,3,1,0.35913546117114853,0,0,-0.49078316061772326,2.0,1
655,0,3,1,0.22090977632571,0,0,-0.5125125150294839,2.0,1
656,0,2,0,0.2963056044232219,2,0,0.8314778546749452,0.0,1
657,0,3,0,0.35913546117114853,0,0,-0.4894421904510968,0.0,1
658,0,3,1,0.39683337521990447,1,1,-0.3363340021468808,2.0,1
659,0,2,0,0.2837396330736366,0,0,-0.3866707201133388,0.0,1
660,0,1,0,0.723548630309123,0,2,1.6323350375212924,1.0,1
661,1,1,0,0.6230208595124404,2,0,2.042579288947925,0.0,1
662,0,3,0,0.49736114601658704,0,0,-0.5029485386158568,1.0,1
663,0,1,0,0.5853229454636844,0,0,-0.13322534515222276,0.0,1
664,0,3,0,0.4470972606182458,0,0,-0.4974960653257301,0.0,1
665,1,3,0,0.24604171902488062,1,0,-0.4888542575852486,0.0,1
666,0,2,0,0.39683337521990447,2,0,0.8314778546749452,0.0,1
667,0,2,0,0.3088715757728072,0,0,-0.3866707201133388,0.0,1
668,0,3,0,0.35913546117114853,0,0,-0.4918744606632361,0.0,1
669,0,3,0,0.5350590600653431,0,0,-0.4863374216869257,0.0,1
670,1,1,1,0.35913546117114853,1,0,0.39858208016340624,0.0,1
671,1,2,1,0.49736114601658704,1,1,0.13683114673782454,0.0,1
672,0,1,0,0.38426740387031916,1,0,0.39858208016340624,0.0,1
673,0,2,0,0.8743402865041467,0,0,-0.43700743807979686,0.0,1
674,1,2,0,0.38426740387031916,0,0,-0.3866707201133388,0.0,1
675,0,2,0,0.35913546117114853,0,0,-0.6484216535389205,0.0,1
676,0,3,0,0.22090977632571,0,0,-0.4918744606632361,0.0,1
677,0,3,0,0.30258859009801453,0,0,-0.4863374216869257,0.0,1
678,1,3,1,0.22090977632571,0,0,-0.45026210265472455,0.0,1
679,0,3,1,0.5350590600653431,1,6,0.2958951755118318,0.0,1
680,1,1,0,0.4470972606182458,0,1,9.667166525013505,1.0,1
681,0,3,1,0.35913546117114853,0,0,-0.48457563655809965,2.0,1
682,1,1,0,0.33400351847197784,0,0,0.8964967865378598,1.0,1
683,0,3,0,0.24604171902488062,0,0,-0.4626791642426904,0.0,1
684,0,3,0,0.17064589092736868,5,2,0.2958951755118318,0.0,1
685,0,2,0,0.7486805730082936,1,1,0.13683114673782454,0.0,1
686,0,2,0,0.3088715757728072,1,2,0.18876253192945994,1.0,1
687,0,3,0,0.17064589092736868,4,1,0.1506737441786005,0.0,1
688,0,3,0,0.2334757476752953,0,0,-0.44363577710162005,0.0,1
689,0,3,0,0.22090977632571,0,0,-0.49145565916975514,0.0,1
690,1,1,1,0.18321186227695402,0,1,3.6067927997556075,0.0,1
691,1,1,0,0.38426740387031916,1,0,0.49925551609632224,0.0,1
692,1,3,1,0.04498617743151546,0,1,-0.37828059596268965,1.0,1
693,1,3,0,0.35913546117114853,0,0,0.48910360681684706,0.0,1
694,0,3,0,0.3088715757728072,0,0,-0.5029485386158568,1.0,1
695,0,1,0,0.7486805730082936,0,0,-0.11384570873513637,0.0,1
696,0,2,0,0.648152802211611,0,0,-0.3766033765200472,0.0,1
697,0,3,0,0.5476250314149284,0,0,-0.4863374216869257,0.0,1
698,1,3,1,0.35913546117114853,0,0,-0.49271407711891657,2.0,1
699,0,1,0,0.610454888162855,1,1,1.5841789061771412,1.0,1
700,0,3,0,0.5224930887157577,0,0,-0.494391296561559,0.0,1
701,1,1,1,0.22090977632571,1,0,3.9327230485884233,1.0,1
702,1,1,0,0.4345312892686604,0,0,-0.11913106412161445,0.0,1
703,0,3,1,0.22090977632571,0,1,-0.3573908580066095,1.0,1
704,0,3,0,0.3088715757728072,0,0,-0.4925449457465493,2.0,1
705,0,3,0,0.32143754712239253,1,0,-0.4902797934380587,0.0,1
706,0,2,0,0.4847951746670017,0,0,-0.12491978668775715,0.0,1
707,1,2,1,0.5601910027645137,0,0,-0.3766033765200472,0.0,1
708,1,1,0,0.5224930887157577,0,0,-0.11913106412161445,0.0,1
709,1,1,1,0.2711736617240512,0,0,2.4029901895877646,0.0,1
710,1,3,0,0.35913546117114853,1,1,-0.3414522396297103,1.0,1
711,1,1,1,0.2963056044232219,0,0,0.3483299278831318,1.0,1
712,0,1,0,0.35913546117114853,0,0,-0.11384570873513637,0.0,1
713,1,1,0,0.5978889168132697,1,0,0.39858208016340624,0.0,1
714,0,3,0,0.35913546117114853,0,0,-0.457478374542396,0.0,1
715,0,2,0,0.648152802211611,0,0,-0.3866707201133388,0.0,1
716,0,3,0,0.2334757476752953,0,0,-0.494391296561559,0.0,1
717,1,1,1,0.4722292033174164,0,0,3.9327230485884233,1.0,1
718,1,2,1,0.33400351847197784,0,0,-0.43700743807979686,0.0,1
719,0,3,0,0.35913546117114853,0,0,-0.3363340021468808,2.0,1
720,0,3,0,0.4093993465694898,0,0,-0.4918744606632361,0.0,1
721,1,2,1,0.0701181201306861,0,1,0.016023023618325298,0.0,1
722,0,3,0,0.20834380497612465,1,0,-0.5063875431873253,0.0,1
723,0,2,0,0.4219653179190751,0,0,-0.3866707201133388,0.0,1
724,0,2,0,0.6230208595124404,0,0,-0.3866707201133388,0.0,1
725,1,1,0,0.33400351847197784,1,0,0.4207302360686478,0.0,1
726,0,3,0,0.24604171902488062,0,0,-0.47400492578514347,0.0,1
727,1,2,1,0.37170143252073384,3,0,-0.22559322262067316,0.0,1
728,1,3,1,0.35913546117114853,0,0,-0.4926295114327329,2.0,1
729,0,2,0,0.3088715757728072,1,0,-0.12491978668775715,0.0,1
730,0,3,1,0.3088715757728072,1,0,-0.4888542575852486,0.0,1
731,1,1,1,0.35913546117114853,0,0,3.6067927997556075,0.0,1
732,0,3,0,0.1329479768786127,0,0,-0.2701412180209885,1.0,1
733,0,2,0,0.35913546117114853,0,0,-0.6484216535389205,0.0,1
734,0,2,0,0.2837396330736366,0,0,-0.3866707201133388,0.0,1
735,0,2,0,0.2837396330736366,0,0,-0.3866707201133388,0.0,1
736,0,3,0,0.35285247549635584,0,0,-0.32425318983493084,0.0,1
737,0,3,1,0.5978889168132697,1,3,0.04370821849987721,0.0,1
738,1,1,0,0.4345312892686604,0,0,9.667166525013505,1.0,1
739,0,3,0,0.35913546117114853,0,0,-0.4894421904510968,0.0,1
740,0,3,0,0.35913546117114853,0,0,-0.4894421904510968,0.0,1
741,1,1,0,0.35913546117114853,0,0,-0.04438103794142432,0.0,1
742,0,1,0,0.4470972606182458,1,0,0.9391984311231651,0.0,1
743,1,1,1,0.2586076903744659,2,2,4.634416897040849,1.0,1
744,0,3,0,0.2963056044232219,1,0,-0.32425318983493084,0.0,1
745,1,3,0,0.38426740387031916,0,0,-0.4888542575852486,0.0,1
746,0,1,0,0.8743402865041467,1,1,0.7811411367084872,0.0,1
747,0,3,0,0.19577783362653933,1,1,-0.24069423801061057,0.0,1
748,1,2,1,0.37170143252073384,0,0,-0.3866707201133388,0.0,1
749,0,1,0,0.2334757476752953,1,0,0.4207302360686478,0.0,1
750,0,3,0,0.38426740387031916,0,0,-0.49237782784290063,2.0,1
751,1,2,1,0.04498617743151546,1,1,-0.18532384824750675,0.0,1
752,1,3,0,0.0701181201306861,0,1,-0.397241430886295,0.0,1
753,0,3,0,0.4093993465694898,0,0,-0.45714212526638004,0.0,1
754,0,3,0,0.2837396330736366,0,0,-0.4894421904510968,0.0,1
755,1,2,1,0.5978889168132697,1,2,0.6603330135889879,0.0,1
756,1,2,0,0.003141492837396331,1,1,-0.35646868933346404,0.0,1
757,0,3,0,0.34656948982156316,0,0,-0.49145565916975514,0.0,1
758,0,2,0,0.22090977632571,0,0,-0.41687275089321363,0.0,1
759,0,3,0,0.4219653179190751,0,0,-0.4863374216869257,0.0,1
760,1,1,1,0.4093993465694898,0,0,1.093228788100527,0.0,1
761,0,3,0,0.35913546117114853,0,0,-0.35646868933346404,0.0,1
762,0,3,0,0.5099271173661725,0,0,-0.5049620073345151,0.0,1
763,1,3,0,0.24604171902488062,0,0,-0.5028639729296732,1.0,1
764,1,1,1,0.4470972606182458,1,2,1.7677408088510642,0.0,1
765,0,3,0,0.19577783362653933,0,0,-0.4918744606632361,0.0,1
766,1,1,1,0.6355868308620256,1,0,0.921244330558889,0.0,1
767,0,1,0,0.35913546117114853,0,0,0.1489119590497745,1.0,1
768,0,3,1,0.3779844181955265,0,0,-0.49237782784290063,2.0,1
769,0,3,0,0.35913546117114853,1,0,-0.1621689579829361,2.0,1
770,0,3,0,0.39683337521990447,0,0,-0.4800453319411184,0.0,1
771,0,3,0,0.2963056044232219,0,0,-0.45714212526638004,0.0,1
772,0,3,0,0.5978889168132697,0,0,-0.4902797934380587,0.0,1
773,0,2,1,0.7109826589595376,0,0,-0.43700743807979686,0.0,1
774,0,3,0,0.35913546117114853,0,0,-0.5029485386158568,1.0,1
775,1,2,1,0.6732847449107816,1,3,-0.18532384824750675,0.0,1
776,0,3,0,0.22090977632571,0,0,-0.49237782784290063,0.0,1
777,0,3,0,0.35913546117114853,0,0,-0.49237782784290063,2.0,1
778,1,3,1,0.05755214878110078,0,0,-0.397241430886295,0.0,1
779,0,3,0,0.35913546117114853,0,0,-0.4926295114327329,2.0,1
780,1,1,1,0.5350590600653431,0,1,3.6067927997556075,0.0,1
781,1,3,1,0.15807991957778336,0,0,-0.5028639729296732,1.0,1
782,1,1,1,0.20834380497612465,1,0,0.49925551609632224,0.0,1
783,0,1,0,0.35913546117114853,0,0,-0.04438103794142432,0.0,1
784,0,3,0,0.35913546117114853,1,2,-0.17626323901354432,0.0,1
785,0,3,0,0.3088715757728072,0,0,-0.5064721088735089,0.0,1
786,0,3,0,0.3088715757728072,0,0,-0.5024451714361923,0.0,1
787,1,3,1,0.22090977632571,0,0,-0.4974960653257301,0.0,1
788,0,3,0,0.09525006282985675,4,1,-0.06199888922968463,2.0,1
789,1,3,0,0.007288263382759488,1,2,-0.23415046467497105,0.0,1
790,0,1,0,0.5727569741140991,0,0,0.9462455716384695,1.0,1
791,0,3,0,0.35913546117114853,0,0,-0.49237782784290063,2.0,1
792,0,2,0,0.19577783362653933,0,0,-0.12491978668775715,0.0,1
793,0,3,1,0.35913546117114853,8,2,0.7519458402879414,0.0,1
794,0,1,0,0.35913546117114853,0,0,-0.030371322596999754,1.0,1
795,0,3,0,0.3088715757728072,0,0,-0.4894421904510968,0.0,1
796,0,2,0,0.4847951746670017,0,0,-0.3866707201133388,0.0,1
797,1,1,1,0.610454888162855,0,0,-0.1263453225405672,0.0,1
798,1,3,1,0.38426740387031916,0,0,-0.4735861242916626,0.0,1
799,0,3,0,0.37170143252073384,0,0,-0.5028639729296732,1.0,1
800,0,3,1,0.37170143252073384,1,1,-0.1621689579829361,0.0,1
801,0,2,0,0.4219653179190751,0,0,-0.3866707201133388,0.0,1
802,1,2,1,0.38426740387031916,1,1,-0.11988611489111134,0.0,1
803,1,1,0,0.1329479768786127,1,2,1.7677408088510642,0.0,1
804,1,3,0,0.0,0,1,-0.47694056317694733,1.0,1
805,1,3,0,0.33400351847197784,0,0,-0.5079822104125026,0.0,1
806,0,3,0,0.38426740387031916,0,0,-0.4918744606632361,0.0,1
807,0,1,0,0.4847951746670017,0,0,-0.6484216535389205,0.0,1
808,0,3,1,0.22090977632571,0,0,-0.4918744606632361,0.0,1
809,0,2,0,0.4847951746670017,0,0,-0.3866707201133388,0.0,1
810,1,1,1,0.4093993465694898,1,0,0.4207302360686478,0.0,1
811,0,3,0,0.32143754712239253,0,0,-0.4896093083547455,0.0,1
812,0,3,0,0.4847951746670017,0,0,-0.1621689579829361,0.0,1
813,0,2,0,0.4345312892686604,0,0,-0.43700743807979686,0.0,1
814,0,3,1,0.0701181201306861,4,2,-0.01870931177853076,0.0,1
815,0,3,0,0.3779844181955265,0,0,-0.4863374216869257,0.0,1
816,0,1,0,0.35913546117114853,0,0,-0.6484216535389205,0.0,1
817,0,3,1,0.2837396330736366,0,0,-0.4888542575852486,0.0,1
818,0,2,0,0.38426740387031916,1,1,0.09664633805084172,1.0,1
819,0,3,0,0.5350590600653431,0,0,-0.5185529211854588,0.0,1
820,0,3,0,0.12038200552902739,3,2,-0.08666388103324908,0.0,1
821,1,1,1,0.648152802211611,1,1,1.2341715984066093,0.0,1
822,1,3,0,0.33400351847197784,0,0,-0.47400492578514347,0.0,1
823,0,1,0,0.4722292033174164,0,0,-0.6484216535389205,0.0,1
824,1,3,1,0.33400351847197784,0,1,-0.397241430886295,0.0,1
825,0,3,0,0.01985423473234481,4,1,0.1506737441786005,0.0,1
826,0,3,0,0.35913546117114853,0,0,-0.5084855775921673,2.0,1
827,0,3,0,0.35913546117114853,0,0,0.48910360681684706,0.0,1
828,1,2,0,0.007288263382759488,0,2,0.09664633805084172,1.0,1
829,1,3,0,0.35913546117114853,0,0,-0.49237782784290063,2.0,1
830,1,1,1,0.7738125157074642,0,0,0.962353321387736,0.0,1
831,1,3,1,0.18321186227695402,1,0,-0.3573908580066095,1.0,1
832,1,2,0,0.005152048253329982,1,1,-0.2708962687904854,0.0,1
833,0,3,0,0.35913546117114853,0,0,-0.5028639729296732,1.0,1
834,0,3,0,0.2837396330736366,0,0,-0.4902797934380587,0.0,1
835,0,3,0,0.22090977632571,0,0,-0.48130374989027985,0.0,1
836,1,1,1,0.4847951746670017,1,1,1.0259447039291216,1.0,1
837,0,3,0,0.2586076903744659,0,0,-0.47400492578514347,0.0,1
838,0,3,0,0.35913546117114853,0,0,-0.4863374216869257,0.0,1
839,1,3,0,0.39683337521990447,0,0,0.48910360681684706,0.0,1
840,1,1,0,0.35913546117114853,0,0,-0.05042144409739929,1.0,1
841,0,3,0,0.24604171902488062,0,0,-0.4888542575852486,0.0,1
842,0,2,0,0.19577783362653933,0,0,-0.43700743807979686,0.0,1
843,1,1,1,0.37170143252073384,0,0,-0.024246350754841113,1.0,1
844,0,3,0,0.4282483035938678,0,0,-0.5188046047752911,1.0,1
845,0,3,0,0.20834380497612465,0,0,-0.47400492578514347,0.0,1
846,0,3,0,0.5224930887157577,0,0,-0.49640476528021726,0.0,1
847,0,3,0,0.35913546117114853,8,2,0.7519458402879414,0.0,1
848,0,3,0,0.4345312892686604,0,0,-0.4894421904510968,1.0,1
849,0,2,0,0.34656948982156316,0,1,0.016023023618325298,0.0,1
850,1,1,1,0.35913546117114853,1,0,1.145663540471827,1.0,1
851,0,3,0,0.04498617743151546,4,2,-0.01870931177853076,0.0,1
852,0,3,0,0.9246041719024881,0,0,-0.4918744606632361,0.0,1
853,0,3,1,0.10781603417944208,1,1,-0.3414522396297103,1.0,1
854,1,1,1,0.19577783362653933,0,1,0.14488502161245778,0.0,1
855,0,2,1,0.5476250314149284,1,0,-0.12491978668775715,0.0,1
856,1,3,1,0.22090977632571,0,1,-0.4601623283443675,0.0,1
857,1,1,1,0.5601910027645137,1,1,2.671117778445337,0.0,1
858,1,1,0,0.6355868308620256,0,0,-0.11384570873513637,0.0,1
859,1,3,1,0.2963056044232219,0,3,-0.26066180729354516,1.0,1
860,0,3,0,0.35913546117114853,0,0,-0.5028639729296732,1.0,1
861,0,3,0,0.5099271173661725,2,0,-0.36435544630444866,0.0,1
862,0,2,0,0.2586076903744659,1,0,-0.41687275089321363,0.0,1
863,1,1,1,0.5978889168132697,0,0,-0.1263453225405672,0.0,1
864,0,3,1,0.35913546117114853,8,2,0.7519458402879414,0.0,1
865,0,2,0,0.2963056044232219,0,0,-0.3866707201133388,0.0,1
866,1,2,1,0.5224930887157577,0,0,-0.3866707201133388,0.0,1
867,1,2,1,0.33400351847197784,1,0,-0.3693891181010945,1.0,1
868,0,1,0,0.38426740387031916,0,0,0.3682954836973478,0.0,1
869,0,3,0,0.35913546117114853,0,0,-0.45714212526638004,0.0,1
870,1,3,0,0.04498617743151546,1,1,-0.4242561406845337,0.0,1
871,0,3,0,0.32143754712239253,0,0,-0.4894421904510968,0.0,1
872,1,1,1,0.5853229454636844,1,1,0.40974072380221066,0.0,1
873,0,1,0,0.4093993465694898,0,0,-0.5477482176060045,0.0,1
874,0,3,0,0.5853229454636844,0,0,-0.46720946885967163,0.0,1
875,1,2,1,0.34656948982156316,1,0,-0.16518916106092355,1.0,1
876,1,3,1,0.18321186227695402,0,0,-0.5029485386158568,1.0,1
877,0,3,0,0.24604171902488062,0,0,-0.45017955043725955,0.0,1
878,0,3,0,0.2334757476752953,0,0,-0.4894421904510968,0.0,1
879,0,3,0,0.35913546117114853,0,0,-0.4894421904510968,0.0,1
880,1,1,1,0.6984166876099522,0,1,1.0259447039291216,1.0,1
881,1,2,1,0.3088715757728072,0,1,-0.12491978668775715,0.0,1
882,0,3,0,0.4093993465694898,0,0,-0.4894421904510968,0.0,1
883,0,3,1,0.2711736617240512,0,0,-0.4366711888037809,0.0,1
884,0,2,0,0.34656948982156316,0,0,-0.43700743807979686,0.0,1
885,0,3,0,0.3088715757728072,0,0,-0.5064721088735089,0.0,1
886,0,3,1,0.4847951746670017,0,5,-0.06199888922968463,2.0,1
887,0,2,0,0.33400351847197784,0,0,-0.3866707201133388,0.0,1
888,1,1,1,0.2334757476752953,0,0,-0.04438103794142432,0.0,1
889,0,3,1,0.35913546117114853,1,2,-0.17626323901354432,0.0,1
890,1,1,0,0.32143754712239253,0,0,-0.04438103794142432,1.0,1
891,0,3,0,0.39683337521990447,0,0,-0.49237782784290063,2.0,1
